year,month,day,time,dayOfYear,satellite,Erlin,Sanchong,Sanyi,Tucheng,Shilin,Datong,Dali,Dayuan,Daliao,Xiaogang,Zhongshan,Zhongli,Renwu,Douliu,Dongshan,Guting,Zuoying,Pingzhen,Yonghe,Annan,Puzi,Xizhi,Zhushan,Zhudong,Xitun,Shalu,Yilan,Zhongming,Songshan,Banqiao,Linkou,Linyuan,Hualien,Kinmen,Qianjin,Qianzhen,Nantou,Pingtung,Hengchun,Meinong,Miaoli,Puli,Taoyuan,Magong,Matsu,Keelung,Lunbei,Tamsui,Mailiao,Shanhua,Fuxing,Hukou,Cailiao,Yangming,Hsinchu,Xindian,Xinzhuang,Xingang,Xinying,Nanzi,Wanli,Wanhua,Chiayi,Changhua,Taixi,Taitung,Tainan,Fengshan,Chaozhou,Xianxi,Qiaotou,Toufen,Longtan,Fengyuan,Guanshan,Guanyin
2014,12,01,01:30,335,terra,-99999,-99999,-99999,-99999,-99999,-99999,-99999,-99999,-99999,-99999,-99999,-99999,-99999,-99999,-99999,-99999,-99999,-99999,-99999,-99999,-99999,-99999,-99999,-99999,-99999,-99999,-99999,-99999,-99999,-99999,-99999,-99999,-99999,-99999,-99999,-99999,-99999,-99999,-99999,-99999,-99999,-99999,-99999,-99999,-99999,-99999,-99999,-99999,-99999,-99999,-99999,-99999,-99999,-99999,-99999,-99999,-99999,-99999,-99999,-99999,-99999,-99999,-99999,-99999,-99999,-99999,-99999,-99999,-99999,-99999,-99999,-99999,-99999,-99999,-99999,-99999
2014,12,01,01:35,335,terra,-9.999,-9.999,-9.999,-9.999,-9.999,-9.999,-9.999,-9.999,-9.999,-9.999,-9.999,-9.999,-9.999,-9.999,-9.999,-9.999,-9.999,-9.999,-9.999,-9.999,-9.999,-9.999,-9.999,-9.999,-9.999,-9.999,-9.999,-9.999,-9.999,-9.999,-9.999,-9.999,-9.999,-9.999,-9.999,-9.999,-9.999,-9.999,-9.999,-9.999,-9.999,-9.999,-9.999,-9.999,-9.999,-9.999,-9.999,-9.999,-9.999,-9.999,-9.999,-9.999,-9.999,-9.999,-9.999,-9.999,-9.999,-9.999,-9.999,-9.999,-9.999,-9.999,-9.999,-9.999,-9.999,-9.999,-9.999,-9.999,-9.999,-9.999,-9.999,-9.999,-9.999,-9.999,-9.999,-9.999
2014,12,01,03:10,335,terra,-99999,-9.999,-99999,-9.999,-9.999,-9.999,-99999,-9.999,-99999,-99999,-9.999,-9.999,-99999,-99999,-9.999,-9.999,-99999,-9.999,-9.999,-99999,-99999,-9.999,-99999,-9.999,-99999,-99999,-9.999,-99999,-9.999,-9.999,-9.999,-99999,-99999,-99999,-99999,-99999,-99999,-99999,-99999,-99999,-99999,-99999,-9.999,-99999,-9.999,-9.999,-99999,-9.999,-99999,-99999,-99999,-9.999,-9.999,-9.999,-9.999,-9.999,-9.999,-99999,-99999,-99999,-9.999,-9.999,-99999,-99999,-99999,-99999,-99999,-99999,-99999,-99999,-99999,-9.999,-9.999,-99999,-99999,-9.999
2014,12,01,03:15,335,terra,-9.999,-9.999,-9.999,-9.999,-9.999,-9.999,-9.999,-9.999,-9.999,-9.999,-9.999,-9.999,-9.999,-9.999,-9.999,-9.999,-9.999,-9.999,-9.999,-9.999,-9.999,-9.999,-9.999,-9.999,-9.999,-9.999,-9.999,-9.999,-9.999,-9.999,-9.999,-9.999,-9.999,-9.999,-9.999,-9.999,-9.999,-9.999,-9.999,-9.999,-9.999,-9.999,-9.999,-9.999,-9.999,-9.999,-9.999,-9.999,-9.999,-9.999,-9.999,-9.999,-9.999,-9.999,-9.999,-9.999,-9.999,-9.999,-9.999,-9.999,-9.999,-9.999,-9.999,-9.999,-9.999,-9.999,-9.999,-9.999,-9.999,-9.999,-9.999,-9.999,-9.999,-9.999,-9.999,-9.999
2014,12,02,02:15,336,terra,-9.999,-9.999,-9.999,-9.999,-9.999,-9.999,-9.999,-9.999,-9.999,-9.999,-9.999,-9.999,-9.999,-9.999,-9.999,-9.999,-9.999,-9.999,-9.999,-9.999,-9.999,-9.999,-9.999,-9.999,-9.999,-9.999,-9.999,-9.999,-9.999,-9.999,-9.999,-9.999,-9.999,-9.999,-9.999,-9.999,-9.999,-9.999,-99999,-9.999,-9.999,-9.999,-9.999,-9.999,-9.999,-9.999,-9.999,-9.999,-9.999,-9.999,-9.999,-9.999,-9.999,-9.999,-9.999,-9.999,-9.999,-9.999,-9.999,-9.999,-9.999,-9.999,-9.999,-9.999,-9.999,-9.999,-9.999,-9.999,-9.999,-9.999,-9.999,-9.999,-9.999,-9.999,-9.999,-9.999
2014,12,02,02:20,336,terra,-9.999,-9.999,-9.999,-9.999,-9.999,-9.999,-9.999,-9.999,-9.999,-9.999,-9.999,-9.999,-9.999,-9.999,-9.999,-9.999,-9.999,-9.999,-9.999,-9.999,-9.999,-9.999,-9.999,-9.999,-9.999,-9.999,-9.999,-9.999,-9.999,-9.999,-9.999,-9.999,-9.999,-9.999,-9.999,-9.999,-9.999,-9.999,-9.999,-9.999,-9.999,-9.999,-9.999,-9.999,-9.999,-9.999,-9.999,-9.999,-9.999,-9.999,-9.999,-9.999,-9.999,-9.999,-9.999,-9.999,-9.999,-9.999,-9.999,-9.999,-9.999,-9.999,-9.999,-9.999,-9.999,-9.999,-9.999,-9.999,-9.999,-9.999,-9.999,-9.999,-9.999,-9.999,-9.999,-9.999
2014,12,03,01:20,337,terra,-9.999,-9.999,-9.999,-9.999,-9.999,-9.999,-9.999,-9.999,-9.999,-9.999,-9.999,-9.999,-9.999,-9.999,-9.999,-9.999,-9.999,-9.999,-9.999,-9.999,-9.999,-9.999,-9.999,-9.999,-9.999,-9.999,-9.999,-9.999,-9.999,-9.999,-9.999,-9.999,-9.999,-9.999,-9.999,-9.999,-9.999,-9.999,-9.999,-9.999,-9.999,-9.999,-9.999,-9.999,-9.999,-9.999,-9.999,-9.999,-9.999,-9.999,-9.999,-9.999,-9.999,-9.999,-9.999,-9.999,-9.999,-9.999,-9.999,-9.999,-9.999,-9.999,-9.999,-9.999,-9.999,-9.999,-9.999,-9.999,-9.999,-9.999,-9.999,-9.999,-9.999,-9.999,-9.999,-9.999
2014,12,03,01:25,337,terra,-9.999,-9.999,-9.999,-9.999,-9.999,-9.999,-9.999,-9.999,-9.999,-9.999,-9.999,-9.999,-9.999,-9.999,-9.999,-9.999,-9.999,-9.999,-9.999,-9.999,-9.999,-9.999,-9.999,-9.999,-9.999,-9.999,-9.999,-9.999,-9.999,-9.999,-9.999,-9.999,-9.999,-9.999,-9.999,-9.999,-9.999,-9.999,-9.999,-9.999,-9.999,-9.999,-9.999,-9.999,-9.999,-9.999,-9.999,-9.999,-9.999,-9.999,-9.999,-9.999,-9.999,-9.999,-9.999,-9.999,-9.999,-9.999,-9.999,-9.999,-9.999,-9.999,-9.999,-9.999,-9.999,-9.999,-9.999,-9.999,-9.999,-9.999,-9.999,-9.999,-9.999,-9.999,-9.999,-9.999
2014,12,03,03:00,337,terra,-9.999,-9.999,-9.999,-9.999,-9.999,-9.999,-9.999,-9.999,-9.999,-9.999,-9.999,-9.999,-9.999,-9.999,-9.999,-9.999,-9.999,-9.999,-9.999,-9.999,-9.999,-9.999,-9.999,-9.999,-9.999,-9.999,-9.999,-9.999,-9.999,-9.999,-9.999,-9.999,-9.999,-9.999,-9.999,-9.999,-9.999,-9.999,-9.999,-9.999,-9.999,-9.999,-9.999,-9.999,-9.999,-9.999,-9.999,-9.999,-9.999,-9.999,-9.999,-9.999,-9.999,-9.999,-9.999,-9.999,-9.999,-9.999,-9.999,-9.999,-9.999,-9.999,-9.999,-9.999,-9.999,-9.999,-9.999,-9.999,-9.999,-9.999,-9.999,-9.999,-9.999,-9.999,-9.999,-9.999
2014,12,04,02:05,338,terra,-9.999,-9.999,-9.999,-9.999,-9.999,-9.999,-9.999,-9.999,-9.999,-9.999,-9.999,-9.999,-9.999,-9.999,-9.999,-9.999,-9.999,-9.999,-9.999,-9.999,-9.999,-9.999,-9.999,-9.999,-9.999,-9.999,-9.999,-9.999,-9.999,-9.999,-9.999,-9.999,-9.999,-9.999,-9.999,-9.999,-9.999,-9.999,-9.999,-9.999,-9.999,-9.999,-9.999,-9.999,-9.999,-9.999,-9.999,-9.999,-9.999,-9.999,-9.999,-9.999,-9.999,-9.999,-9.999,-9.999,-9.999,-9.999,-9.999,-9.999,-9.999,-9.999,-9.999,-9.999,-9.999,-9.999,-9.999,-9.999,-9.999,-9.999,-9.999,-9.999,-9.999,-9.999,-9.999,-9.999
2014,12,05,01:10,339,terra,-9.999,-9.999,-9.999,-9.999,-9.999,-9.999,-9.999,-9.999,-9.999,-9.999,-9.999,-9.999,-9.999,-9.999,-9.999,-9.999,-9.999,-9.999,-9.999,-9.999,-9.999,-9.999,-9.999,-9.999,-9.999,-9.999,-9.999,-9.999,-9.999,-9.999,-9.999,-9.999,-9.999,-9.999,-9.999,-9.999,-9.999,-9.999,-9.999,-9.999,-9.999,-9.999,-9.999,-9.999,-9.999,-9.999,-9.999,-9.999,-9.999,-9.999,-9.999,-9.999,-9.999,-9.999,-9.999,-9.999,-9.999,-9.999,-9.999,-9.999,-9.999,-9.999,-9.999,-9.999,-9.999,-9.999,-9.999,-9.999,-9.999,-9.999,-9.999,-9.999,-9.999,-9.999,-9.999,-9.999
2014,12,05,02:45,339,terra,-99999,-99999,-99999,-99999,-99999,-99999,-99999,-99999,-99999,-99999,-99999,-99999,-99999,-99999,-99999,-99999,-99999,-99999,-99999,-99999,-99999,-99999,-99999,-99999,-99999,-99999,-99999,-99999,-99999,-99999,-99999,-99999,-99999,-99999,-99999,-99999,-99999,-99999,-99999,-99999,-99999,-99999,-99999,-99999,-9.999,-99999,-99999,-99999,-99999,-99999,-99999,-99999,-99999,-99999,-99999,-99999,-99999,-99999,-99999,-99999,-99999,-99999,-99999,-99999,-99999,-99999,-99999,-99999,-99999,-99999,-99999,-99999,-99999,-99999,-99999,-99999
2014,12,05,02:50,339,terra,-9.999,-9.999,-9.999,-9.999,-9.999,-9.999,-9.999,-9.999,-9.999,-9.999,-9.999,-9.999,-9.999,-9.999,-9.999,-9.999,-9.999,-9.999,-9.999,-9.999,-9.999,-9.999,-9.999,0.265,-9.999,-9.999,-9.999,-9.999,-9.999,-9.999,-9.999,-9.999,-9.999,-9.999,-9.999,-9.999,-9.999,-9.999,-9.999,-9.999,-9.999,-9.999,-9.999,-9.999,-9.999,-9.999,-9.999,-9.999,-9.999,-9.999,-9.999,0.577,-9.999,-9.999,0.26,-9.999,-9.999,-9.999,-9.999,-9.999,-9.999,-9.999,-9.999,-9.999,-9.999,-9.999,-9.999,-9.999,-9.999,-9.999,-9.999,0.265,-9.999,-9.999,-9.999,0.575
2014,12,06,01:50,340,terra,-9.999,-9.999,-9.999,-9.999,-9.999,-9.999,-9.999,-9.999,-99999,-99999,-9.999,-9.999,-99999,-9.999,-9.999,-9.999,-99999,-9.999,-9.999,-99999,-9.999,-9.999,-9.999,-9.999,-9.999,-9.999,-9.999,-9.999,-9.999,-9.999,-9.999,-99999,-9.999,-9.999,-99999,-99999,-9.999,-99999,-99999,-99999,-9.999,-9.999,-9.999,-9.999,-9.999,-9.999,-9.999,-9.999,-9.999,-99999,-99999,-9.999,-9.999,-9.999,-9.999,-9.999,-9.999,-9.999,-99999,-99999,-9.999,-9.999,-9.999,-9.999,-9.999,-99999,-99999,-99999,-99999,-9.999,-99999,-9.999,-9.999,-9.999,-99999,-9.999
2014,12,06,01:55,340,terra,-9.999,-9.999,-9.999,-9.999,-9.999,-9.999,-9.999,-9.999,-9.999,-9.999,-9.999,-9.999,-9.999,-9.999,-9.999,-9.999,-9.999,-9.999,-9.999,-9.999,-9.999,-9.999,-9.999,-9.999,-9.999,-9.999,-9.999,-9.999,-9.999,-9.999,-9.999,-9.999,-9.999,-9.999,-9.999,-9.999,-9.999,-9.999,-9.999,-9.999,-9.999,-9.999,-9.999,-9.999,-9.999,-9.999,-9.999,-9.999,-9.999,-9.999,-9.999,-9.999,-9.999,-9.999,-9.999,-9.999,-9.999,-9.999,-9.999,-9.999,-9.999,-9.999,-9.999,-9.999,-9.999,-9.999,-9.999,-9.999,-9.999,-9.999,-9.999,-9.999,-9.999,-9.999,-9.999,-9.999
2014,12,06,03:30,340,terra,-9.999,-9.999,-9.999,-9.999,-9.999,-9.999,-9.999,-9.999,-9.999,-9.999,-9.999,-9.999,-9.999,-9.999,-9.999,-9.999,-9.999,-9.999,-9.999,-9.999,-9.999,-9.999,-9.999,-9.999,-9.999,-9.999,-9.999,-9.999,-9.999,-9.999,-9.999,-9.999,-9.999,-9.999,-9.999,-9.999,-9.999,-9.999,-9.999,-9.999,-9.999,-9.999,-9.999,-9.999,-9.999,-9.999,-9.999,-9.999,-9.999,-9.999,-9.999,-9.999,-9.999,-9.999,-9.999,-9.999,-9.999,-9.999,-9.999,-9.999,-9.999,-9.999,-9.999,-9.999,-9.999,-9.999,-9.999,-9.999,-9.999,-9.999,-9.999,-9.999,-9.999,-9.999,-9.999,-9.999
2014,12,07,01:00,341,terra,-9.999,-9.999,-9.999,-9.999,-9.999,-9.999,-9.999,-9.999,-9.999,-9.999,-9.999,-9.999,-9.999,-9.999,-9.999,-9.999,-9.999,-9.999,-9.999,-9.999,-9.999,-9.999,-9.999,-9.999,-9.999,-9.999,-9.999,-9.999,-9.999,-9.999,-9.999,-9.999,-9.999,-9.999,-9.999,-9.999,-9.999,-9.999,-9.999,-9.999,-9.999,-9.999,-9.999,-9.999,-9.999,-9.999,-9.999,-9.999,-9.999,-9.999,-9.999,-9.999,-9.999,-9.999,-9.999,-9.999,-9.999,-9.999,-9.999,-9.999,-9.999,-9.999,-9.999,-9.999,-9.999,-9.999,-9.999,-9.999,-9.999,-9.999,-9.999,-9.999,-9.999,-9.999,-9.999,-9.999
2014,12,07,02:35,341,terra,-9.999,0.517,0.062,0.517,0.163,0.517,-9.999,-9.999,0.468,-9.999,0.517,0.36,-9.999,0.425,0.274,0.517,-9.999,0.36,0.517,0.417,0.514,0.091,0.287,0.142,-9.999,0.355,-9.999,-9.999,0.517,0.517,0.283,-9.999,-9.999,-9.999,-9.999,-9.999,0.082,0.399,-9.999,0.076,0.076,-9.999,0.283,-9.999,-9.999,-9.999,0.561,-9.999,0.561,0.361,-9.999,0.348,0.517,-9.999,0.259,0.154,0.517,0.436,0.254,0.291,-9.999,0.517,0.336,0.174,0.557,-9.999,-9.999,-9.999,0.391,0.292,0.291,0.163,0.2,0.076,-9.999,-9.999
2014,12,08,01:40,342,terra,-9.999,-9.999,-9.999,-9.999,-9.999,-9.999,-9.999,-9.999,-9.999,-9.999,-9.999,-9.999,-9.999,-9.999,-9.999,-9.999,-9.999,-9.999,-9.999,-9.999,-9.999,-9.999,-9.999,-9.999,-9.999,-9.999,-9.999,-9.999,-9.999,-9.999,-9.999,-9.999,-9.999,-9.999,-9.999,-9.999,-9.999,-9.999,-9.999,-9.999,-9.999,-9.999,-9.999,-9.999,-9.999,-9.999,-9.999,-9.999,-9.999,-9.999,-9.999,-9.999,-9.999,-9.999,-9.999,-9.999,-9.999,-9.999,-9.999,-9.999,-9.999,-9.999,-9.999,-9.999,-9.999,-9.999,-9.999,-9.999,-9.999,-9.999,-9.999,-9.999,-9.999,-9.999,-9.999,-9.999
2014,12,08,03:15,342,terra,-99999,-99999,-99999,-99999,-99999,-99999,-99999,-99999,-99999,-99999,-99999,-99999,-99999,-99999,-99999,-99999,-99999,-99999,-99999,-99999,-99999,-99999,-99999,-99999,-99999,-99999,-99999,-99999,-99999,-99999,-99999,-99999,-99999,-99999,-99999,-99999,-99999,-99999,-99999,-99999,-99999,-99999,-99999,-99999,-99999,-99999,-99999,-99999,-99999,-99999,-99999,-99999,-99999,-99999,-99999,-99999,-99999,-99999,-99999,-99999,-99999,-99999,-99999,-99999,-99999,-99999,-99999,-99999,-99999,-99999,-99999,-99999,-99999,-99999,-99999,-99999
2014,12,08,03:20,342,terra,-9.999,-9.999,-9.999,-9.999,-9.999,-9.999,-9.999,-9.999,-9.999,-9.999,-9.999,-9.999,-9.999,-9.999,-9.999,-9.999,-9.999,-9.999,-9.999,-9.999,-9.999,-9.999,-9.999,-9.999,-9.999,-9.999,-9.999,-9.999,-9.999,-9.999,-9.999,-9.999,-9.999,-9.999,-9.999,-9.999,-9.999,-9.999,-9.999,-9.999,-9.999,-9.999,-9.999,-9.999,-9.999,-9.999,-9.999,-9.999,-9.999,-9.999,-9.999,-9.999,-9.999,-9.999,-9.999,-9.999,-9.999,0.491,0.39,-9.999,-9.999,-9.999,-9.999,-9.999,-9.999,-9.999,-9.999,-9.999,-9.999,-9.999,-9.999,-9.999,-9.999,-9.999,-9.999,-9.999
2014,12,09,02:20,343,terra,-99999,-99999,-99999,-99999,-99999,-99999,-99999,-99999,-99999,-99999,-99999,-99999,-99999,-99999,-99999,-99999,-99999,-99999,-99999,-99999,-99999,-99999,-99999,-99999,-99999,-99999,-99999,-99999,-99999,-99999,-99999,-99999,-99999,-99999,-99999,-99999,-99999,-99999,-99999,-99999,-99999,-99999,-99999,-99999,-99999,-99999,-99999,-99999,-99999,-99999,-99999,-99999,-99999,-99999,-99999,-99999,-99999,-99999,-99999,-99999,-99999,-99999,-99999,-99999,-99999,-99999,-99999,-99999,-99999,-99999,-99999,-99999,-99999,-99999,-99999,-99999
2014,12,09,02:25,343,terra,-9.999,-9.999,-9.999,-9.999,-9.999,-9.999,-9.999,-9.999,-9.999,-9.999,-9.999,-9.999,-9.999,-9.999,-9.999,-9.999,-9.999,-9.999,-9.999,-9.999,-9.999,-9.999,-9.999,-9.999,-9.999,-9.999,-9.999,-9.999,-9.999,-9.999,-9.999,-9.999,-9.999,-9.999,-9.999,-9.999,-9.999,-9.999,-9.999,-9.999,-9.999,0.073,-9.999,-9.999,-9.999,-9.999,-9.999,-9.999,-9.999,-9.999,-9.999,-9.999,-9.999,-9.999,-9.999,-9.999,-9.999,-9.999,-9.999,-9.999,-9.999,-9.999,-9.999,-9.999,-9.999,-9.999,-9.999,-9.999,-9.999,-9.999,-9.999,-9.999,-9.999,-9.999,-9.999,-9.999
2014,12,10,01:25,344,terra,-99999,-9.999,-9.999,-9.999,-9.999,-9.999,-99999,-9.999,-99999,-99999,-9.999,-9.999,-99999,-99999,-9.999,-9.999,-99999,-9.999,-9.999,-99999,-99999,-9.999,-99999,-9.999,-99999,-9.999,-9.999,-99999,-9.999,-9.999,-9.999,-99999,-99999,-9.999,-99999,-99999,-99999,-99999,-99999,-99999,-9.999,-99999,-9.999,-99999,-9.999,-9.999,-99999,-9.999,-99999,-99999,-99999,-9.999,-9.999,-9.999,-9.999,-9.999,-9.999,-99999,-99999,-99999,-9.999,-9.999,-99999,-99999,-99999,-99999,-99999,-99999,-99999,-99999,-99999,-9.999,-9.999,-9.999,-99999,-9.999
2014,12,10,01:30,344,terra,-9.999,-9.999,-9.999,-9.999,-9.999,-9.999,-9.999,-9.999,-9.999,-9.999,-9.999,-9.999,-9.999,-9.999,-9.999,-9.999,-9.999,-9.999,-9.999,-9.999,-9.999,-9.999,-9.999,-9.999,-9.999,-9.999,-9.999,-9.999,-9.999,-9.999,-9.999,-9.999,-9.999,-9.999,-9.999,-9.999,-9.999,-9.999,-9.999,-9.999,-9.999,-9.999,-9.999,-9.999,-9.999,-9.999,-9.999,-9.999,-9.999,-9.999,-9.999,-9.999,-9.999,-9.999,-9.999,-9.999,-9.999,-9.999,-9.999,-9.999,-9.999,-9.999,-9.999,-9.999,-9.999,-9.999,-9.999,-9.999,-9.999,-9.999,-9.999,-9.999,-9.999,-9.999,-9.999,-9.999
2014,12,10,03:05,344,terra,-9.999,-9.999,-9.999,-9.999,-9.999,-9.999,-9.999,-9.999,-9.999,-9.999,-9.999,-9.999,-9.999,-9.999,-9.999,-9.999,-9.999,-9.999,-9.999,-9.999,-9.999,-9.999,-9.999,-9.999,-9.999,-9.999,-9.999,-9.999,-9.999,-9.999,-9.999,-9.999,-9.999,-9.999,-9.999,-9.999,-9.999,-9.999,-9.999,-9.999,-9.999,-9.999,-9.999,-9.999,-9.999,-9.999,-9.999,-9.999,-9.999,-9.999,-9.999,-9.999,-9.999,-9.999,-9.999,-9.999,-9.999,-9.999,-9.999,-9.999,-9.999,-9.999,-9.999,-9.999,-9.999,-9.999,-9.999,-9.999,-9.999,-9.999,-9.999,-9.999,-9.999,-9.999,-9.999,-9.999
2014,12,10,03:10,344,terra,-9.999,-9.999,-9.999,-9.999,-9.999,-9.999,-9.999,-9.999,-9.999,-9.999,-9.999,-9.999,-9.999,-9.999,-9.999,-9.999,-9.999,-9.999,-9.999,-9.999,-9.999,-9.999,-9.999,-9.999,-9.999,-9.999,-9.999,-9.999,-9.999,-9.999,-9.999,-9.999,-9.999,-9.999,-9.999,-9.999,-9.999,-9.999,-9.999,-9.999,-9.999,-9.999,-9.999,-9.999,-9.999,-9.999,-9.999,-9.999,-9.999,-9.999,-9.999,-9.999,-9.999,-9.999,-9.999,-9.999,-9.999,-9.999,-9.999,-9.999,-9.999,-9.999,-9.999,-9.999,-9.999,-9.999,-9.999,-9.999,-9.999,-9.999,-9.999,-9.999,-9.999,-9.999,-9.999,-9.999
2014,12,11,02:10,345,terra,-9.999,-9.999,-9.999,-9.999,-9.999,-9.999,-9.999,-9.999,-9.999,-9.999,-9.999,-9.999,-9.999,-9.999,-9.999,-9.999,-9.999,-9.999,-9.999,-9.999,-9.999,-9.999,-9.999,-9.999,-9.999,-9.999,-9.999,-9.999,-9.999,-9.999,-9.999,-9.999,-9.999,-9.999,-9.999,-9.999,-9.999,-9.999,-9.999,-9.999,-9.999,-9.999,-9.999,-9.999,-9.999,-9.999,-9.999,-9.999,-9.999,-9.999,-9.999,-9.999,-9.999,-9.999,-9.999,-9.999,-9.999,-9.999,-9.999,-9.999,-9.999,-9.999,-9.999,-9.999,-9.999,-9.999,-9.999,-9.999,-9.999,-9.999,-9.999,-9.999,-9.999,-9.999,-9.999,-9.999
2014,12,11,02:15,345,terra,-9.999,-9.999,-9.999,-9.999,-9.999,-9.999,-9.999,-9.999,-9.999,-9.999,-9.999,-9.999,-9.999,-9.999,-9.999,-9.999,-9.999,-9.999,-9.999,-9.999,-9.999,-9.999,-9.999,-9.999,-9.999,-9.999,-9.999,-9.999,-9.999,-9.999,-9.999,-9.999,-9.999,-9.999,-9.999,-9.999,-9.999,-9.999,-9.999,-9.999,-9.999,-9.999,-9.999,-9.999,-9.999,-9.999,-9.999,-9.999,-9.999,-9.999,-9.999,-9.999,-9.999,-9.999,-9.999,-9.999,-9.999,-9.999,-9.999,-9.999,-9.999,-9.999,-9.999,-9.999,-9.999,-9.999,-9.999,-9.999,-9.999,-9.999,-9.999,-9.999,-9.999,-9.999,-9.999,-9.999
2014,12,12,01:15,346,terra,-9.999,-9.999,-9.999,-9.999,-9.999,-9.999,-9.999,-9.999,-9.999,-9.999,-9.999,-9.999,-9.999,-9.999,-9.999,-9.999,-9.999,-9.999,-9.999,-9.999,-9.999,-9.999,-9.999,-9.999,-9.999,-9.999,-9.999,-9.999,-9.999,-9.999,-9.999,-9.999,-9.999,-9.999,-9.999,-9.999,-9.999,-9.999,-9.999,-9.999,-9.999,-9.999,-9.999,-9.999,-9.999,-9.999,-9.999,-9.999,-9.999,-9.999,-9.999,-9.999,-9.999,-9.999,-9.999,-9.999,-9.999,-9.999,-9.999,-9.999,-9.999,-9.999,-9.999,-9.999,-9.999,-9.999,-9.999,-9.999,-9.999,-9.999,-9.999,-9.999,-9.999,-9.999,-9.999,-9.999
2014,12,12,02:50,346,terra,-99999,-99999,-99999,-99999,-99999,-99999,-99999,-99999,-99999,-99999,-99999,-99999,-99999,-99999,-99999,-99999,-99999,-99999,-99999,-99999,-99999,-99999,-99999,-99999,-99999,-99999,-99999,-99999,-99999,-99999,-99999,-99999,-99999,-99999,-99999,-99999,-99999,-99999,-99999,-99999,-99999,-99999,-99999,-99999,-99999,-99999,-99999,-99999,-99999,-99999,-99999,-99999,-99999,-99999,-99999,-99999,-99999,-99999,-99999,-99999,-99999,-99999,-99999,-99999,-99999,-99999,-99999,-99999,-99999,-99999,-99999,-99999,-99999,-99999,-99999,-99999
2014,12,12,02:55,346,terra,-9.999,-9.999,-9.999,-9.999,-9.999,-9.999,-9.999,-9.999,-9.999,-9.999,-9.999,-9.999,-9.999,-9.999,-9.999,-9.999,-9.999,-9.999,-9.999,-9.999,-9.999,-9.999,-9.999,-9.999,-9.999,-9.999,-9.999,-9.999,-9.999,-9.999,-9.999,-9.999,-9.999,-9.999,-9.999,-9.999,-9.999,-9.999,-9.999,-9.999,-9.999,-9.999,-9.999,-9.999,-9.999,-9.999,-9.999,-9.999,-9.999,-9.999,-9.999,-9.999,-9.999,-9.999,-9.999,-9.999,-9.999,-9.999,-9.999,-9.999,-9.999,-9.999,-9.999,-9.999,-9.999,-9.999,-9.999,-9.999,-9.999,-9.999,-9.999,-9.999,-9.999,-9.999,-9.999,-9.999
2014,12,13,01:55,347,terra,-99999,-99999,-99999,-99999,-99999,-99999,-99999,-99999,-99999,-99999,-99999,-99999,-99999,-99999,-99999,-99999,-99999,-99999,-99999,-99999,-99999,-99999,-99999,-99999,-99999,-99999,-99999,-99999,-99999,-99999,-99999,-99999,-99999,-99999,-99999,-99999,-99999,-99999,-99999,-99999,-99999,-99999,-99999,-99999,-99999,-99999,-99999,-99999,-99999,-99999,-99999,-99999,-99999,-99999,-99999,-99999,-99999,-99999,-99999,-99999,-99999,-99999,-99999,-99999,-99999,-99999,-99999,-99999,-99999,-99999,-99999,-99999,-99999,-99999,-99999,-99999
2014,12,13,02:00,347,terra,-9.999,-9.999,-9.999,-9.999,-9.999,-9.999,-9.999,-9.999,-9.999,-9.999,-9.999,-9.999,-9.999,-9.999,-9.999,-9.999,-9.999,-9.999,-9.999,-9.999,-9.999,-9.999,-9.999,-9.999,-9.999,-9.999,-9.999,-9.999,-9.999,-9.999,-9.999,-9.999,-9.999,-9.999,-9.999,-9.999,-9.999,-9.999,-9.999,-9.999,-9.999,-9.999,-9.999,-9.999,-9.999,-9.999,-9.999,-9.999,-9.999,-9.999,-9.999,-9.999,-9.999,-9.999,-9.999,-9.999,-9.999,-9.999,-9.999,-9.999,-9.999,-9.999,-9.999,-9.999,-9.999,-9.999,-9.999,-9.999,-9.999,-9.999,-9.999,-9.999,-9.999,-9.999,-9.999,-9.999
2014,12,13,03:35,347,terra,-9.999,-9.999,-9.999,-9.999,-9.999,-9.999,-9.999,-9.999,-99999,-99999,-9.999,-9.999,-99999,-9.999,-9.999,-9.999,-99999,-9.999,-9.999,-99999,-9.999,-9.999,-9.999,-9.999,-9.999,-9.999,-9.999,-9.999,-9.999,-9.999,-9.999,-99999,-9.999,-9.999,-99999,-99999,-9.999,-99999,-99999,-99999,-9.999,-9.999,-9.999,-9.999,-9.999,-9.999,-9.999,-9.999,-9.999,-99999,-99999,-9.999,-9.999,-9.999,-9.999,-9.999,-9.999,-9.999,-99999,-99999,-9.999,-9.999,-9.999,-9.999,-9.999,-99999,-99999,-99999,-99999,-9.999,-99999,-9.999,-9.999,-9.999,-99999,-9.999
2014,12,14,01:05,348,terra,-9.999,-9.999,-9.999,-9.999,-9.999,-9.999,-9.999,-9.999,-9.999,-9.999,-9.999,-9.999,-9.999,-9.999,-9.999,-9.999,-9.999,-9.999,-9.999,-9.999,-9.999,-9.999,-9.999,-9.999,-9.999,-9.999,-9.999,-9.999,-9.999,-9.999,-9.999,-9.999,-9.999,-9.999,-9.999,-9.999,-9.999,-9.999,-9.999,-9.999,-9.999,-9.999,-9.999,-9.999,-9.999,-9.999,-9.999,-9.999,-9.999,-9.999,-9.999,-9.999,-9.999,-9.999,-9.999,-9.999,-9.999,-9.999,-9.999,-9.999,-9.999,-9.999,-9.999,-9.999,-9.999,-9.999,-9.999,-9.999,-9.999,-9.999,-9.999,-9.999,-9.999,-9.999,-9.999,-9.999
2014,12,14,02:40,348,terra,0.504,-9.999,0.28,-9.999,-9.999,-9.999,0.163,-9.999,-9.999,-9.999,-9.999,-9.999,-9.999,-9.999,-9.999,-9.999,-9.999,-9.999,-9.999,0.398,0.621,-9.999,0.241,-9.999,0.479,0.53,-9.999,0.734,-9.999,-9.999,-9.999,-9.999,-9.999,-9.999,-9.999,-9.999,0.498,-9.999,-9.999,-9.999,-9.999,-9.999,-9.999,-9.999,-9.999,-9.999,0.623,-9.999,0.623,0.398,-9.999,-9.999,-9.999,-9.999,-9.999,-9.999,-9.999,0.621,0.466,-9.999,-9.999,-9.999,0.675,0.622,0.499,-9.999,-9.999,-9.999,-9.999,-9.999,-9.999,-9.999,-9.999,0.17,-9.999,-9.999
2014,12,14,02:45,348,terra,-9.999,-9.999,-9.999,-9.999,-9.999,-9.999,-9.999,-9.999,-9.999,-9.999,-9.999,-9.999,-9.999,-9.999,-9.999,-9.999,-9.999,-9.999,-9.999,-9.999,-9.999,-9.999,-9.999,-9.999,-9.999,-9.999,-9.999,-9.999,-9.999,-9.999,-9.999,-9.999,-9.999,-9.999,-9.999,-9.999,-9.999,-9.999,-9.999,-9.999,-9.999,-9.999,-9.999,-9.999,-9.999,-9.999,-9.999,-9.999,-9.999,-9.999,-9.999,-9.999,-9.999,-9.999,-9.999,-9.999,-9.999,-9.999,-9.999,-9.999,-9.999,-9.999,-9.999,-9.999,-9.999,-9.999,-9.999,-9.999,-9.999,-9.999,-9.999,-9.999,-9.999,-9.999,-9.999,-9.999
2014,12,15,01:45,349,terra,-9.999,-9.999,-9.999,-9.999,-9.999,-9.999,-9.999,-9.999,-9.999,-9.999,-9.999,-9.999,-9.999,-9.999,-9.999,-9.999,-9.999,-9.999,-9.999,-9.999,-9.999,-9.999,-9.999,-9.999,-9.999,-9.999,-9.999,-9.999,-9.999,-9.999,-9.999,-9.999,-9.999,-9.999,-9.999,-9.999,-9.999,-9.999,-9.999,-9.999,-9.999,-9.999,-9.999,-9.999,-9.999,-9.999,-9.999,-9.999,-9.999,-9.999,-9.999,-9.999,-9.999,-9.999,-9.999,-9.999,-9.999,-9.999,-9.999,-9.999,-9.999,-9.999,-9.999,-9.999,-9.999,-9.999,-9.999,-9.999,-9.999,-9.999,-9.999,-9.999,-9.999,-9.999,-9.999,-9.999
2014,12,15,01:50,349,terra,-9.999,-9.999,-9.999,-9.999,-9.999,-9.999,-9.999,-9.999,-9.999,-9.999,-9.999,-9.999,-9.999,-9.999,-9.999,-9.999,-9.999,-9.999,-9.999,-9.999,-9.999,-9.999,-9.999,-9.999,-9.999,-9.999,-9.999,-9.999,-9.999,-9.999,-9.999,-9.999,-9.999,-9.999,-9.999,-9.999,-9.999,-9.999,-9.999,-9.999,-9.999,-9.999,-9.999,-9.999,-9.999,-9.999,-9.999,-9.999,-9.999,-9.999,-9.999,-9.999,-9.999,-9.999,-9.999,-9.999,-9.999,-9.999,-9.999,-9.999,-9.999,-9.999,-9.999,-9.999,-9.999,-9.999,-9.999,-9.999,-9.999,-9.999,-9.999,-9.999,-9.999,-9.999,-9.999,-9.999
2014,12,15,03:25,349,terra,-9.999,-9.999,-9.999,-9.999,-9.999,-9.999,-9.999,-9.999,-9.999,-9.999,-9.999,-9.999,-9.999,-9.999,-9.999,-9.999,-9.999,-9.999,-9.999,-9.999,-9.999,-9.999,-9.999,-9.999,-9.999,-9.999,-9.999,-9.999,-9.999,-9.999,-9.999,-9.999,-9.999,-9.999,-9.999,-9.999,-9.999,-9.999,-9.999,-9.999,-9.999,-9.999,-9.999,-9.999,-9.999,-9.999,-9.999,-9.999,-9.999,-9.999,-9.999,-9.999,-9.999,-9.999,-9.999,-9.999,-9.999,-9.999,-9.999,-9.999,-9.999,-9.999,-9.999,-9.999,-9.999,-9.999,-9.999,-9.999,-9.999,-9.999,-9.999,-9.999,-9.999,-9.999,-9.999,-9.999
2014,12,16,00:55,350,terra,-9.999,-9.999,-9.999,-9.999,-9.999,-9.999,-9.999,-9.999,-9.999,-9.999,-9.999,-9.999,-9.999,-9.999,-9.999,-9.999,-9.999,-9.999,-9.999,-9.999,-9.999,-9.999,-9.999,-9.999,-9.999,-9.999,-9.999,-9.999,-9.999,-9.999,-9.999,-9.999,-9.999,-9.999,-9.999,-9.999,-9.999,-9.999,-9.999,-9.999,-9.999,-9.999,-9.999,-9.999,-9.999,-9.999,-9.999,-9.999,-9.999,-9.999,-9.999,-9.999,-9.999,-9.999,-9.999,-9.999,-9.999,-9.999,-9.999,-9.999,-9.999,-9.999,-9.999,-9.999,-9.999,-9.999,-9.999,-9.999,-9.999,-9.999,-9.999,-9.999,-9.999,-9.999,-9.999,-9.999
2014,12,16,02:30,350,terra,0.656,-9.999,-9.999,-9.999,-9.999,-9.999,-9.999,-9.999,-9.999,-9.999,-9.999,-9.999,-9.999,0.681,-9.999,-9.999,-9.999,-9.999,-9.999,0.455,0.571,-9.999,-9.999,-9.999,0.68,-9.999,-9.999,-9.999,-9.999,-9.999,-9.999,0.461,-9.999,-9.999,-9.999,-9.999,-9.999,0.177,-9.999,0.165,-9.999,-9.999,-9.999,-9.999,-9.999,-9.999,0.702,-9.999,0.702,0.368,-9.999,-9.999,-9.999,-9.999,-9.999,-9.999,-9.999,0.691,0.467,0.203,-9.999,-9.999,-9.999,0.68,0.702,-9.999,0.455,-9.999,0.461,0.68,0.203,-9.999,-9.999,-9.999,-9.999,-9.999
2014,12,17,01:30,351,terra,-99999,-99999,-99999,-99999,-99999,-99999,-99999,-99999,-99999,-99999,-99999,-99999,-99999,-99999,-99999,-99999,-99999,-99999,-99999,-99999,-99999,-99999,-99999,-99999,-99999,-99999,-99999,-99999,-99999,-99999,-99999,-99999,-99999,-99999,-99999,-99999,-99999,-99999,-99999,-99999,-99999,-99999,-99999,-99999,-99999,-99999,-99999,-99999,-99999,-99999,-99999,-99999,-99999,-99999,-99999,-99999,-99999,-99999,-99999,-99999,-99999,-99999,-99999,-99999,-99999,-99999,-99999,-99999,-99999,-99999,-99999,-99999,-99999,-99999,-99999,-99999
2014,12,17,01:35,351,terra,-9.999,-9.999,-9.999,-9.999,-9.999,-9.999,-9.999,-9.999,-9.999,-9.999,-9.999,-9.999,-9.999,-9.999,-9.999,-9.999,-9.999,-9.999,-9.999,-9.999,-9.999,-9.999,-9.999,-9.999,-9.999,-9.999,-9.999,-9.999,-9.999,-9.999,-9.999,-9.999,-9.999,-9.999,-9.999,-9.999,-9.999,-9.999,-9.999,-9.999,-9.999,-9.999,-9.999,-9.999,-9.999,-9.999,-9.999,-9.999,-9.999,-9.999,-9.999,-9.999,-9.999,-9.999,-9.999,-9.999,-9.999,-9.999,-9.999,-9.999,-9.999,-9.999,-9.999,-9.999,-9.999,-9.999,-9.999,-9.999,-9.999,-9.999,-9.999,-9.999,-9.999,-9.999,-9.999,-9.999
2014,12,17,03:10,351,terra,-99999,-9.999,-99999,-9.999,-9.999,-9.999,-99999,-9.999,-99999,-99999,-9.999,-9.999,-99999,-99999,-9.999,-9.999,-99999,-9.999,-9.999,-99999,-99999,-9.999,-99999,-9.999,-99999,-99999,-9.999,-99999,-9.999,-9.999,-9.999,-99999,-99999,-99999,-99999,-99999,-99999,-99999,-99999,-99999,-9.999,-99999,-9.999,-99999,0.165,-9.999,-99999,-9.999,-99999,-99999,-99999,-9.999,-9.999,-9.999,-9.999,-9.999,-9.999,-99999,-99999,-99999,-9.999,-9.999,-99999,-99999,-99999,-99999,-99999,-99999,-99999,-99999,-99999,-9.999,-9.999,-99999,-99999,-9.999
2014,12,17,03:15,351,terra,-9.999,-9.999,-9.999,-9.999,-9.999,-9.999,-9.999,-9.999,-9.999,-9.999,-9.999,-9.999,-9.999,-9.999,-9.999,-9.999,-9.999,-9.999,-9.999,-9.999,-9.999,-9.999,-9.999,-9.999,-9.999,-9.999,-9.999,-9.999,-9.999,-9.999,-9.999,-9.999,-9.999,-9.999,-9.999,-9.999,-9.999,-9.999,-9.999,-9.999,-9.999,-9.999,-9.999,-9.999,-9.999,-9.999,-9.999,-9.999,-9.999,-9.999,-9.999,-9.999,-9.999,-9.999,-9.999,-9.999,-9.999,-9.999,-9.999,-9.999,-9.999,-9.999,-9.999,-9.999,-9.999,-9.999,-9.999,-9.999,-9.999,-9.999,-9.999,-9.999,-9.999,-9.999,-9.999,-9.999
2014,12,18,02:15,352,terra,-9.999,-9.999,-9.999,-9.999,-9.999,-9.999,-9.999,-9.999,-9.999,-9.999,-9.999,-9.999,-9.999,-9.999,-9.999,-9.999,-9.999,-9.999,-9.999,-9.999,-9.999,-9.999,-9.999,-9.999,-9.999,-9.999,-9.999,-9.999,-9.999,-9.999,-9.999,-9.999,-9.999,-9.999,-9.999,-9.999,-9.999,-9.999,-99999,-9.999,-9.999,-9.999,-9.999,-9.999,-9.999,-9.999,-9.999,-9.999,-9.999,-9.999,-9.999,-9.999,-9.999,-9.999,-9.999,-9.999,-9.999,-9.999,-9.999,-9.999,-9.999,-9.999,-9.999,-9.999,-9.999,-9.999,-9.999,-9.999,-9.999,-9.999,-9.999,-9.999,-9.999,-9.999,-9.999,-9.999
2014,12,18,02:20,352,terra,-9.999,-9.999,-9.999,-9.999,-9.999,-9.999,-9.999,-9.999,-9.999,-9.999,-9.999,-9.999,-9.999,-9.999,-9.999,-9.999,-9.999,-9.999,-9.999,-9.999,0.635,-9.999,-9.999,0.092,-9.999,-9.999,-9.999,-9.999,-9.999,-9.999,-9.999,-9.999,-9.999,-9.999,-9.999,-9.999,-9.999,-9.999,-9.999,-9.999,-9.999,-9.999,-9.999,-9.999,-9.999,-9.999,0.8,-9.999,-9.999,-9.999,-9.999,-9.999,-9.999,-9.999,-9.999,-9.999,-9.999,0.799,-9.999,-9.999,-9.999,-9.999,-9.999,-9.999,-9.999,-9.999,-9.999,-9.999,-9.999,-9.999,-9.999,-9.999,-9.999,-9.999,-9.999,-9.999
2014,12,19,01:20,353,terra,-9.999,-9.999,-9.999,-9.999,-9.999,-9.999,-9.999,-9.999,-9.999,-9.999,-9.999,-9.999,-9.999,-9.999,-9.999,-9.999,-9.999,-9.999,-9.999,-9.999,-9.999,-9.999,-9.999,-9.999,-9.999,-9.999,-9.999,-9.999,-9.999,-9.999,-9.999,-9.999,-9.999,-9.999,-9.999,-9.999,-9.999,-9.999,-9.999,-9.999,-9.999,-9.999,-9.999,-9.999,-9.999,-9.999,-9.999,-9.999,-9.999,-9.999,-9.999,-9.999,-9.999,-9.999,-9.999,-9.999,-9.999,-9.999,-9.999,-9.999,-9.999,-9.999,-9.999,-9.999,-9.999,-9.999,-9.999,-9.999,-9.999,-9.999,-9.999,-9.999,-9.999,-9.999,-9.999,-9.999
2014,12,19,01:25,353,terra,-9.999,-9.999,-9.999,-9.999,-9.999,-9.999,-9.999,-9.999,-9.999,-9.999,-9.999,-9.999,-9.999,-9.999,-9.999,-9.999,-9.999,-9.999,-9.999,-9.999,-9.999,-9.999,-9.999,-9.999,-9.999,-9.999,-9.999,-9.999,-9.999,-9.999,-9.999,-9.999,-9.999,-9.999,-9.999,-9.999,-9.999,-9.999,-9.999,-9.999,-9.999,-9.999,-9.999,-9.999,-9.999,-9.999,-9.999,-9.999,-9.999,-9.999,-9.999,-9.999,-9.999,-9.999,-9.999,-9.999,-9.999,-9.999,-9.999,-9.999,-9.999,-9.999,-9.999,-9.999,-9.999,-9.999,-9.999,-9.999,-9.999,-9.999,-9.999,-9.999,-9.999,-9.999,-9.999,-9.999
2014,12,19,03:00,353,terra,-9.999,-9.999,-9.999,-9.999,-9.999,-9.999,-9.999,-9.999,-9.999,-9.999,-9.999,-9.999,-9.999,-9.999,-9.999,-9.999,-9.999,-9.999,-9.999,-9.999,-9.999,-9.999,-9.999,-9.999,-9.999,-9.999,-9.999,-9.999,-9.999,-9.999,-9.999,-9.999,-9.999,-9.999,-9.999,-9.999,-9.999,-9.999,-9.999,-9.999,-9.999,-9.999,-9.999,-9.999,-9.999,-9.999,-9.999,-9.999,-9.999,-9.999,-9.999,-9.999,-9.999,-9.999,-9.999,-9.999,-9.999,-9.999,-9.999,-9.999,-9.999,-9.999,-9.999,-9.999,-9.999,-9.999,-9.999,-9.999,-9.999,-9.999,-9.999,-9.999,-9.999,-9.999,-9.999,-9.999
2014,12,20,02:05,354,terra,-9.999,-9.999,-9.999,-9.999,-9.999,-9.999,-9.999,-9.999,-9.999,-9.999,-9.999,-9.999,-9.999,-9.999,-9.999,-9.999,-9.999,-9.999,-9.999,-9.999,-9.999,-9.999,-9.999,-9.999,-9.999,-9.999,-9.999,-9.999,-9.999,-9.999,-9.999,-9.999,-9.999,-9.999,-9.999,-9.999,-9.999,-9.999,-9.999,-9.999,-9.999,-9.999,-9.999,-9.999,-9.999,-9.999,-9.999,-9.999,-9.999,-9.999,-9.999,-9.999,-9.999,-9.999,-9.999,-9.999,-9.999,-9.999,-9.999,-9.999,-9.999,-9.999,-9.999,-9.999,-9.999,-9.999,-9.999,-9.999,-9.999,-9.999,-9.999,-9.999,-9.999,-9.999,-9.999,-9.999
2014,12,21,01:10,355,terra,-9.999,-9.999,-9.999,-9.999,-9.999,-9.999,-9.999,-9.999,-9.999,-9.999,-9.999,-9.999,-9.999,-9.999,-9.999,-9.999,-9.999,-9.999,-9.999,-9.999,-9.999,-9.999,-9.999,-9.999,-9.999,-9.999,-9.999,-9.999,-9.999,-9.999,-9.999,-9.999,-9.999,-9.999,-9.999,-9.999,-9.999,-9.999,-9.999,-9.999,-9.999,-9.999,-9.999,-9.999,-9.999,-9.999,-9.999,-9.999,-9.999,-9.999,-9.999,-9.999,-9.999,-9.999,-9.999,-9.999,-9.999,-9.999,-9.999,-9.999,-9.999,-9.999,-9.999,-9.999,-9.999,-9.999,-9.999,-9.999,-9.999,-9.999,-9.999,-9.999,-9.999,-9.999,-9.999,-9.999
2014,12,21,02:45,355,terra,-99999,-99999,-99999,-99999,-99999,-99999,-99999,-99999,-99999,-99999,-99999,-99999,-99999,-99999,-99999,-99999,-99999,-99999,-99999,-99999,-99999,-99999,-99999,-99999,-99999,-99999,-99999,-99999,-99999,-99999,-99999,-99999,-99999,-99999,-99999,-99999,-99999,-99999,-99999,-99999,-99999,-99999,-99999,-99999,-9.999,-99999,-99999,-99999,-99999,-99999,-99999,-99999,-99999,-99999,-99999,-99999,-99999,-99999,-99999,-99999,-99999,-99999,-99999,-99999,-99999,-99999,-99999,-99999,-99999,-99999,-99999,-99999,-99999,-99999,-99999,-99999
2014,12,21,02:50,355,terra,-9.999,-9.999,-9.999,-9.999,-9.999,-9.999,-9.999,-9.999,-9.999,-9.999,-9.999,-9.999,-9.999,0.881,-9.999,-9.999,-9.999,-9.999,-9.999,0.683,0.793,-9.999,-9.999,-9.999,-9.999,-9.999,-9.999,-9.999,-9.999,-9.999,-9.999,-9.999,-9.999,-9.999,-9.999,-9.999,-9.999,0.316,-9.999,0.282,-9.999,0.254,-9.999,-9.999,-9.999,-9.999,1.015,-9.999,-9.999,0.683,-9.999,-9.999,-9.999,-9.999,-9.999,-9.999,-9.999,0.938,0.647,0.461,-9.999,-9.999,0.46,-9.999,-9.999,-9.999,0.724,-9.999,0.238,-9.999,0.461,-9.999,-9.999,-9.999,-9.999,-9.999
2014,12,22,01:50,356,terra,-9.999,-9.999,-9.999,-9.999,-9.999,-9.999,-9.999,-9.999,-99999,-99999,-9.999,-9.999,-99999,-9.999,-9.999,-9.999,-99999,-9.999,-9.999,-99999,-9.999,-9.999,-9.999,-9.999,-9.999,-9.999,-9.999,-9.999,-9.999,-9.999,-9.999,-99999,-9.999,-9.999,-99999,-99999,-9.999,-99999,-99999,-99999,-9.999,-9.999,-9.999,-9.999,-9.999,-9.999,-9.999,-9.999,-9.999,-99999,-99999,-9.999,-9.999,-9.999,-9.999,-9.999,-9.999,-9.999,-99999,-99999,-9.999,-9.999,-9.999,-9.999,-9.999,-99999,-99999,-99999,-99999,-9.999,-99999,-9.999,-9.999,-9.999,-99999,-9.999
2014,12,22,01:55,356,terra,-9.999,-9.999,-9.999,-9.999,-9.999,-9.999,-9.999,-9.999,-9.999,-9.999,-9.999,-9.999,-9.999,-9.999,-9.999,-9.999,-9.999,-9.999,-9.999,-9.999,-9.999,-9.999,-9.999,-9.999,-9.999,-9.999,-9.999,-9.999,-9.999,-9.999,-9.999,-9.999,-9.999,-9.999,-9.999,-9.999,-9.999,-9.999,-9.999,-9.999,-9.999,-9.999,-9.999,-9.999,-9.999,-9.999,-9.999,-9.999,-9.999,-9.999,-9.999,-9.999,-9.999,-9.999,-9.999,-9.999,-9.999,-9.999,-9.999,-9.999,-9.999,-9.999,-9.999,-9.999,-9.999,-9.999,-9.999,-9.999,-9.999,-9.999,-9.999,-9.999,-9.999,-9.999,-9.999,-9.999
2014,12,22,03:30,356,terra,-9.999,-9.999,-9.999,-9.999,-9.999,-9.999,-9.999,-9.999,-9.999,-9.999,-9.999,-9.999,-9.999,-9.999,-9.999,-9.999,-9.999,-9.999,-9.999,-9.999,-9.999,-9.999,-9.999,-9.999,-9.999,-9.999,-9.999,-9.999,-9.999,-9.999,-9.999,-9.999,-9.999,-9.999,-9.999,-9.999,-9.999,-9.999,-9.999,-9.999,-9.999,-9.999,-9.999,-9.999,-9.999,-9.999,-9.999,-9.999,-9.999,-9.999,-9.999,-9.999,-9.999,-9.999,-9.999,-9.999,-9.999,-9.999,-9.999,-9.999,-9.999,-9.999,-9.999,-9.999,-9.999,-9.999,-9.999,-9.999,-9.999,-9.999,-9.999,-9.999,-9.999,-9.999,-9.999,-9.999
2014,12,23,01:00,357,terra,-9.999,-9.999,-9.999,-9.999,-9.999,-9.999,-9.999,-9.999,-9.999,-9.999,-9.999,-9.999,-9.999,-9.999,-9.999,-9.999,-9.999,-9.999,-9.999,-9.999,-9.999,-9.999,-9.999,-9.999,-9.999,-9.999,-9.999,-9.999,-9.999,-9.999,-9.999,-9.999,-9.999,-9.999,-9.999,-9.999,-9.999,-9.999,-9.999,-9.999,-9.999,-9.999,-9.999,-9.999,-9.999,-9.999,-9.999,-9.999,-9.999,-9.999,-9.999,-9.999,-9.999,-9.999,-9.999,-9.999,-9.999,-9.999,-9.999,-9.999,-9.999,-9.999,-9.999,-9.999,-9.999,-9.999,-9.999,-9.999,-9.999,-9.999,-9.999,-9.999,-9.999,-9.999,-9.999,-9.999
2014,12,23,02:35,357,terra,-9.999,-9.999,-9.999,-9.999,-9.999,-9.999,-9.999,-9.999,-9.999,-9.999,-9.999,-9.999,-9.999,-9.999,0.249,-9.999,-9.999,-9.999,-9.999,-9.999,-9.999,-9.999,-9.999,-9.999,-9.999,-9.999,0.182,-9.999,-9.999,-9.999,-9.999,-9.999,-9.999,-9.999,-9.999,-9.999,-9.999,-9.999,-9.999,-9.999,-9.999,-9.999,-9.999,-9.999,-9.999,-9.999,-9.999,-9.999,-9.999,-9.999,-9.999,-9.999,-9.999,-9.999,-9.999,-9.999,-9.999,-9.999,-9.999,-9.999,-9.999,-9.999,-9.999,-9.999,-9.999,-9.999,-9.999,-9.999,-9.999,-9.999,-9.999,-9.999,-9.999,-9.999,-9.999,-9.999
2014,12,24,01:40,358,terra,-9.999,-9.999,-9.999,-9.999,-9.999,-9.999,-9.999,-9.999,-9.999,-9.999,-9.999,-9.999,-9.999,-9.999,-9.999,-9.999,-9.999,-9.999,-9.999,-9.999,-9.999,-9.999,-9.999,-9.999,-9.999,-9.999,-9.999,-9.999,-9.999,-9.999,-9.999,-9.999,-9.999,-9.999,-9.999,-9.999,-9.999,-9.999,-9.999,-9.999,-9.999,-9.999,-9.999,-9.999,-9.999,-9.999,-9.999,-9.999,-9.999,-9.999,-9.999,-9.999,-9.999,-9.999,-9.999,-9.999,-9.999,-9.999,-9.999,-9.999,-9.999,-9.999,-9.999,-9.999,-9.999,-9.999,-9.999,-9.999,-9.999,-9.999,-9.999,-9.999,-9.999,-9.999,-9.999,-9.999
2014,12,24,03:15,358,terra,-99999,-99999,-99999,-99999,-99999,-99999,-99999,-99999,-99999,-99999,-99999,-99999,-99999,-99999,-99999,-99999,-99999,-99999,-99999,-99999,-99999,-99999,-99999,-99999,-99999,-99999,-99999,-99999,-99999,-99999,-99999,-99999,-99999,-99999,-99999,-99999,-99999,-99999,-99999,-99999,-99999,-99999,-99999,-99999,-99999,-99999,-99999,-99999,-99999,-99999,-99999,-99999,-99999,-99999,-99999,-99999,-99999,-99999,-99999,-99999,-99999,-99999,-99999,-99999,-99999,-99999,-99999,-99999,-99999,-99999,-99999,-99999,-99999,-99999,-99999,-99999
2014,12,24,03:20,358,terra,-9.999,-9.999,-9.999,-9.999,-9.999,-9.999,-9.999,-9.999,-9.999,-9.999,-9.999,-9.999,-9.999,-9.999,-9.999,-9.999,-9.999,-9.999,-9.999,-9.999,-9.999,-9.999,-9.999,-9.999,-9.999,-9.999,-9.999,-9.999,-9.999,-9.999,-9.999,-9.999,-9.999,-9.999,-9.999,-9.999,-9.999,-9.999,-9.999,-9.999,-9.999,-9.999,-9.999,-9.999,-9.999,-9.999,-9.999,-9.999,-9.999,-9.999,-9.999,-9.999,-9.999,-9.999,-9.999,-9.999,-9.999,-9.999,-9.999,-9.999,-9.999,-9.999,-9.999,-9.999,-9.999,-9.999,-9.999,-9.999,-9.999,-9.999,-9.999,-9.999,-9.999,-9.999,-9.999,-9.999
2014,12,25,02:20,359,terra,-99999,-99999,-99999,-99999,-99999,-99999,-99999,-99999,-99999,-99999,-99999,-99999,-99999,-99999,-99999,-99999,-99999,-99999,-99999,-99999,-99999,-99999,-99999,-99999,-99999,-99999,-99999,-99999,-99999,-99999,-99999,-99999,-99999,-99999,-99999,-99999,-99999,-99999,-99999,-99999,-99999,-99999,-99999,-99999,-99999,-99999,-99999,-99999,-99999,-99999,-99999,-99999,-99999,-99999,-99999,-99999,-99999,-99999,-99999,-99999,-99999,-99999,-99999,-99999,-99999,-99999,-99999,-99999,-99999,-99999,-99999,-99999,-99999,-99999,-99999,-99999
2014,12,25,02:25,359,terra,-9.999,-9.999,-9.999,-9.999,-9.999,-9.999,-9.999,-9.999,-9.999,-9.999,-9.999,-9.999,-9.999,-9.999,-9.999,-9.999,-9.999,-9.999,-9.999,-9.999,-9.999,-9.999,-9.999,-9.999,-9.999,-9.999,-9.999,-9.999,-9.999,-9.999,-9.999,-9.999,-9.999,-9.999,-9.999,-9.999,-9.999,-9.999,-9.999,-9.999,-9.999,-9.999,-9.999,-9.999,-9.999,-9.999,-9.999,-9.999,-9.999,-9.999,-9.999,-9.999,-9.999,-9.999,-9.999,-9.999,-9.999,-9.999,-9.999,-9.999,-9.999,-9.999,-9.999,-9.999,-9.999,-9.999,-9.999,-9.999,-9.999,-9.999,-9.999,-9.999,-9.999,-9.999,-9.999,-9.999
2014,12,26,01:25,360,terra,-99999,-9.999,-99999,-9.999,-9.999,-9.999,-99999,-9.999,-99999,-99999,-9.999,-9.999,-99999,-99999,-9.999,-9.999,-99999,-9.999,-9.999,-99999,-99999,-9.999,-99999,-9.999,-99999,-99999,-9.999,-99999,-9.999,-9.999,-9.999,-99999,-99999,-9.999,-99999,-99999,-99999,-99999,-99999,-99999,-9.999,-99999,-9.999,-99999,-9.999,-9.999,-99999,-9.999,-99999,-99999,-99999,-9.999,-9.999,-9.999,-9.999,-9.999,-9.999,-99999,-99999,-99999,-9.999,-9.999,-99999,-99999,-99999,-99999,-99999,-99999,-99999,-99999,-99999,-9.999,-9.999,-99999,-99999,-9.999
2014,12,26,01:30,360,terra,-9.999,-9.999,-9.999,-9.999,-9.999,-9.999,-9.999,-9.999,-9.999,-9.999,-9.999,-9.999,-9.999,-9.999,-9.999,-9.999,-9.999,-9.999,-9.999,-9.999,-9.999,-9.999,-9.999,-9.999,-9.999,-9.999,-9.999,-9.999,-9.999,-9.999,-9.999,-9.999,-9.999,-9.999,-9.999,-9.999,-9.999,-9.999,-9.999,-9.999,-9.999,-9.999,-9.999,-9.999,-9.999,-9.999,-9.999,-9.999,-9.999,-9.999,-9.999,-9.999,-9.999,-9.999,-9.999,-9.999,-9.999,-9.999,-9.999,-9.999,-9.999,-9.999,-9.999,-9.999,-9.999,-9.999,-9.999,-9.999,-9.999,-9.999,-9.999,-9.999,-9.999,-9.999,-9.999,-9.999
2014,12,26,03:05,360,terra,-9.999,-9.999,-9.999,-9.999,-9.999,-9.999,-9.999,-9.999,-9.999,-9.999,-9.999,-9.999,-9.999,-9.999,-9.999,-9.999,-9.999,-9.999,-9.999,-9.999,-9.999,-9.999,-9.999,-9.999,-9.999,-9.999,-9.999,-9.999,-9.999,-9.999,-9.999,-9.999,-9.999,-9.999,-9.999,-9.999,-9.999,-9.999,-9.999,-9.999,-9.999,-9.999,-9.999,-9.999,-9.999,-9.999,-9.999,-9.999,-9.999,-9.999,-9.999,-9.999,-9.999,-9.999,-9.999,-9.999,-9.999,-9.999,-9.999,-9.999,-9.999,-9.999,-9.999,-9.999,-9.999,-9.999,-9.999,-9.999,-9.999,-9.999,-9.999,-9.999,-9.999,-9.999,-9.999,-9.999
2014,12,26,03:10,360,terra,-9.999,-9.999,-9.999,-9.999,-9.999,-9.999,-9.999,-9.999,-9.999,-9.999,-9.999,-9.999,-9.999,-9.999,-9.999,-9.999,-9.999,-9.999,-9.999,-9.999,-9.999,-9.999,-9.999,-9.999,-9.999,-9.999,-9.999,-9.999,-9.999,-9.999,-9.999,-9.999,-9.999,-9.999,-9.999,-9.999,-9.999,-9.999,-9.999,-9.999,-9.999,-9.999,-9.999,-9.999,-9.999,-9.999,-9.999,-9.999,-9.999,-9.999,-9.999,-9.999,-9.999,-9.999,-9.999,-9.999,-9.999,-9.999,-9.999,-9.999,-9.999,-9.999,-9.999,-9.999,-9.999,-9.999,-9.999,-9.999,-9.999,-9.999,-9.999,-9.999,-9.999,-9.999,-9.999,-9.999
2014,12,27,02:10,361,terra,-9.999,-9.999,-9.999,-9.999,-9.999,-9.999,-9.999,-9.999,-9.999,-9.999,-9.999,-9.999,-9.999,-9.999,-9.999,-9.999,-9.999,-9.999,-9.999,-9.999,-9.999,-9.999,-9.999,-9.999,-9.999,-9.999,-9.999,-9.999,-9.999,-9.999,-9.999,-9.999,-9.999,-9.999,-9.999,-9.999,-9.999,-9.999,-9.999,-9.999,-9.999,-9.999,-9.999,-9.999,-9.999,-9.999,-9.999,-9.999,-9.999,-9.999,-9.999,-9.999,-9.999,-9.999,-9.999,-9.999,-9.999,-9.999,-9.999,-9.999,-9.999,-9.999,-9.999,-9.999,-9.999,-9.999,-9.999,-9.999,-9.999,-9.999,-9.999,-9.999,-9.999,-9.999,-9.999,-9.999
2014,12,27,02:15,361,terra,-9.999,-9.999,-9.999,-9.999,-9.999,-9.999,-9.999,-9.999,-9.999,-9.999,-9.999,-9.999,-9.999,-9.999,-9.999,-9.999,-9.999,-9.999,-9.999,-9.999,-9.999,-9.999,-9.999,-9.999,-9.999,-9.999,-9.999,-9.999,-9.999,-9.999,-9.999,-9.999,-9.999,-9.999,-9.999,-9.999,-9.999,-9.999,-9.999,-9.999,-9.999,-9.999,-9.999,-9.999,-9.999,-9.999,-9.999,-9.999,-9.999,-9.999,-9.999,-9.999,-9.999,-9.999,-9.999,-9.999,-9.999,-9.999,-9.999,-9.999,-9.999,-9.999,-9.999,-9.999,-9.999,-9.999,-9.999,-9.999,-9.999,-9.999,-9.999,-9.999,-9.999,-9.999,-9.999,-9.999
2014,12,28,01:15,362,terra,-9.999,-9.999,-9.999,-9.999,-9.999,-9.999,-9.999,-9.999,-9.999,-9.999,-9.999,-9.999,-9.999,-9.999,-9.999,-9.999,-9.999,-9.999,-9.999,-9.999,-9.999,-9.999,-9.999,-9.999,-9.999,-9.999,-9.999,-9.999,-9.999,-9.999,-9.999,-9.999,-9.999,-9.999,-9.999,-9.999,-9.999,-9.999,-9.999,-9.999,-9.999,-9.999,-9.999,-9.999,-9.999,-9.999,-9.999,-9.999,-9.999,-9.999,-9.999,-9.999,-9.999,-9.999,-9.999,-9.999,-9.999,-9.999,-9.999,-9.999,-9.999,-9.999,-9.999,-9.999,-9.999,-9.999,-9.999,-9.999,-9.999,-9.999,-9.999,-9.999,-9.999,-9.999,-9.999,-9.999
2014,12,28,02:50,362,terra,-99999,-99999,-99999,-99999,-99999,-99999,-99999,-99999,-99999,-99999,-99999,-99999,-99999,-99999,-99999,-99999,-99999,-99999,-99999,-99999,-99999,-99999,-99999,-99999,-99999,-99999,-99999,-99999,-99999,-99999,-99999,-99999,-99999,-99999,-99999,-99999,-99999,-99999,-99999,-99999,-99999,-99999,-99999,-99999,-99999,-99999,-99999,-99999,-99999,-99999,-99999,-99999,-99999,-99999,-99999,-99999,-99999,-99999,-99999,-99999,-99999,-99999,-99999,-99999,-99999,-99999,-99999,-99999,-99999,-99999,-99999,-99999,-99999,-99999,-99999,-99999
2014,12,28,02:55,362,terra,-9.999,-9.999,-9.999,-9.999,-9.999,-9.999,-9.999,-9.999,-9.999,-9.999,-9.999,-9.999,-9.999,-9.999,-9.999,-9.999,-9.999,-9.999,-9.999,-9.999,-9.999,-9.999,-9.999,-9.999,-9.999,-9.999,-9.999,-9.999,-9.999,-9.999,-9.999,-9.999,-9.999,-9.999,-9.999,-9.999,-9.999,-9.999,-9.999,-9.999,-9.999,-9.999,-9.999,-9.999,-9.999,-9.999,-9.999,-9.999,-9.999,-9.999,-9.999,-9.999,-9.999,-9.999,-9.999,-9.999,-9.999,-9.999,-9.999,-9.999,-9.999,-9.999,-9.999,-9.999,-9.999,-9.999,-9.999,-9.999,-9.999,-9.999,-9.999,-9.999,-9.999,-9.999,-9.999,-9.999
2014,12,29,01:55,363,terra,-99999,-99999,-99999,-99999,-99999,-99999,-99999,-99999,-99999,-99999,-99999,-99999,-99999,-99999,-99999,-99999,-99999,-99999,-99999,-99999,-99999,-99999,-99999,-99999,-99999,-99999,-99999,-99999,-99999,-99999,-99999,-99999,-99999,-99999,-99999,-99999,-99999,-99999,-99999,-99999,-99999,-99999,-99999,-99999,-99999,-99999,-99999,-99999,-99999,-99999,-99999,-99999,-99999,-99999,-99999,-99999,-99999,-99999,-99999,-99999,-99999,-99999,-99999,-99999,-99999,-99999,-99999,-99999,-99999,-99999,-99999,-99999,-99999,-99999,-99999,-99999
2014,12,29,02:00,363,terra,-9.999,-9.999,-9.999,-9.999,-9.999,-9.999,-9.999,-9.999,-9.999,-9.999,-9.999,-9.999,-9.999,-9.999,-9.999,-9.999,-9.999,-9.999,-9.999,-9.999,0.471,-9.999,-9.999,-9.999,-9.999,-9.999,-9.999,-9.999,-9.999,-9.999,-9.999,-9.999,-9.999,-9.999,-9.999,-9.999,-9.999,-9.999,-9.999,-9.999,-9.999,-9.999,-9.999,-9.999,-9.999,-9.999,0.498,-9.999,0.498,-9.999,-9.999,-9.999,-9.999,-9.999,-9.999,-9.999,-9.999,0.488,-9.999,-9.999,-9.999,-9.999,-9.999,-9.999,0.471,-9.999,-9.999,-9.999,-9.999,-9.999,-9.999,-9.999,-9.999,-9.999,-9.999,-9.999
2014,12,29,03:35,363,terra,-9.999,-9.999,-9.999,-9.999,-9.999,-9.999,-9.999,-9.999,-99999,-99999,-9.999,-9.999,-99999,-9.999,-9.999,-9.999,-99999,-9.999,-9.999,-99999,-99999,-9.999,-9.999,-9.999,-9.999,-9.999,-9.999,-9.999,-9.999,-9.999,-9.999,-99999,-9.999,-9.999,-99999,-99999,-9.999,-99999,-99999,-99999,-9.999,-9.999,-9.999,-99999,-9.999,-9.999,-9.999,-9.999,-9.999,-99999,-99999,-9.999,-9.999,-9.999,-9.999,-9.999,-9.999,-99999,-99999,-99999,-9.999,-9.999,-99999,-9.999,-9.999,-99999,-99999,-99999,-99999,-9.999,-99999,-9.999,-9.999,-9.999,-99999,-9.999
2014,12,30,01:05,364,terra,-9.999,-9.999,-9.999,-9.999,-9.999,-9.999,-9.999,-9.999,-9.999,-9.999,-9.999,-9.999,-9.999,-9.999,-9.999,-9.999,-9.999,-9.999,-9.999,-9.999,-9.999,-9.999,-9.999,-9.999,-9.999,-9.999,-9.999,-9.999,-9.999,-9.999,-9.999,-9.999,-9.999,-9.999,-9.999,-9.999,-9.999,-9.999,-9.999,-9.999,-9.999,-9.999,-9.999,-9.999,-9.999,-9.999,-9.999,-9.999,-9.999,-9.999,-9.999,-9.999,-9.999,-9.999,-9.999,-9.999,-9.999,-9.999,-9.999,-9.999,-9.999,-9.999,-9.999,-9.999,-9.999,-9.999,-9.999,-9.999,-9.999,-9.999,-9.999,-9.999,-9.999,-9.999,-9.999,-9.999
2014,12,30,02:40,364,terra,0.322,0.172,-0.049,0.332,0.172,0.332,0.045,0.208,-9.999,-9.999,0.332,0.247,-9.999,0.213,0.342,0.332,-9.999,0.211,0.332,-9.999,0.281,0.167,0.004,0.134,0.016,-9.999,-9.999,0.016,0.164,0.332,0.172,-9.999,-9.999,-9.999,-9.999,-9.999,0.001,-9.999,-9.999,-9.999,0.015,-0.019,0.332,-9.999,-9.999,0.167,0.374,0.075,0.374,-9.999,-9.999,0.211,0.172,0.075,-9.999,0.332,0.332,0.27,0.412,-9.999,0.118,0.332,0.285,0.236,0.374,-9.999,-9.999,-9.999,-9.999,0.304,-9.999,0.202,0.268,0.016,-9.999,0.219
2014,12,30,02:45,364,terra,-9.999,-9.999,-9.999,-9.999,-9.999,-9.999,-9.999,-9.999,0.549,0.549,-9.999,-9.999,0.505,-9.999,-9.999,-9.999,-9.999,-9.999,-9.999,0.431,-9.999,-9.999,-9.999,-9.999,-9.999,-9.999,-9.999,-9.999,-9.999,-9.999,-9.999,0.513,-9.999,-9.999,0.457,0.457,-9.999,0.505,0.249,0.185,-9.999,-9.999,-9.999,-9.999,-9.999,-9.999,-9.999,-9.999,-9.999,0.419,0.457,-9.999,-9.999,-9.999,-9.999,-9.999,-9.999,-9.999,-9.999,0.388,-9.999,-9.999,-9.999,-9.999,-9.999,-9.999,-9.999,0.549,0.513,-9.999,-9.999,-9.999,-9.999,-9.999,-9.999,-9.999
2014,12,31,01:45,365,terra,-9.999,-9.999,-9.999,-9.999,-9.999,-9.999,-9.999,-9.999,-9.999,-9.999,-9.999,-9.999,-9.999,-9.999,-9.999,-9.999,-9.999,-9.999,-9.999,-9.999,-9.999,-9.999,-9.999,-9.999,-9.999,-9.999,-9.999,-9.999,-9.999,-9.999,-9.999,-9.999,-9.999,-9.999,-9.999,-9.999,-9.999,-9.999,-9.999,-9.999,-9.999,-9.999,-9.999,-9.999,-9.999,-9.999,-9.999,-9.999,-9.999,-9.999,-9.999,-9.999,-9.999,-9.999,-9.999,-9.999,-9.999,-9.999,-9.999,-9.999,-9.999,-9.999,-9.999,-9.999,-9.999,-9.999,-9.999,-9.999,-9.999,-9.999,-9.999,-9.999,-9.999,-9.999,-9.999,-9.999
2014,12,31,01:50,365,terra,-9.999,-9.999,-9.999,-9.999,-9.999,-9.999,-9.999,-9.999,-9.999,-9.999,-9.999,-9.999,-9.999,-9.999,-9.999,-9.999,-9.999,-9.999,-9.999,-9.999,-9.999,-9.999,-9.999,-9.999,-9.999,-9.999,-9.999,-9.999,-9.999,-9.999,-9.999,-9.999,-9.999,-9.999,-9.999,-9.999,-9.999,-9.999,-9.999,-9.999,-9.999,-9.999,-9.999,-9.999,-9.999,-9.999,-9.999,-9.999,-9.999,-9.999,-9.999,-9.999,-9.999,-9.999,-9.999,-9.999,-9.999,-9.999,-9.999,-9.999,-9.999,-9.999,-9.999,-9.999,-9.999,-9.999,-9.999,-9.999,-9.999,-9.999,-9.999,-9.999,-9.999,-9.999,-9.999,-9.999
2014,12,31,03:25,365,terra,-9.999,-9.999,-9.999,-9.999,-9.999,-9.999,-9.999,-9.999,-9.999,-9.999,-9.999,-9.999,-9.999,-9.999,-9.999,-9.999,-9.999,-9.999,-9.999,-9.999,-9.999,-9.999,-9.999,-9.999,-9.999,-9.999,-9.999,-9.999,-9.999,-9.999,-9.999,-9.999,-9.999,-9.999,-9.999,-9.999,-9.999,-9.999,-9.999,-9.999,-9.999,-9.999,-9.999,-9.999,-9.999,-9.999,-9.999,-9.999,-9.999,-9.999,-9.999,-9.999,-9.999,-9.999,-9.999,-9.999,-9.999,-9.999,-9.999,-9.999,-9.999,-9.999,-9.999,-9.999,-9.999,-9.999,-9.999,-9.999,-9.999,-9.999,-9.999,-9.999,-9.999,-9.999,-9.999,-9.999
2016,02,01,09:35,32,terra,-999,-999,-999,-999,-999,-999,-999,-999,-999,-999,-999,-999,-999,-999,-999,-999,-999,-999,-999,-999,-999,-999,-999,-999,-999,-999,-999,-999,-999,-999,-999,-999,-999,-999,-999,-999,-999,-999,-999,-999,-999,-999,-999,-999,-999,-999,-999,-999,-999,-999,-999,-999,-999,-999,-999,-999,-999,-999,-999,-999,-999,-999,-999,-999,-999,-999,-999,-999,-999,-999,-999,-999,-999,-999,-999,-999
